file,line,type,commit,author,date,time,timezone,datetime,depth,length
style.css,1,css,eb009ffa,Jahnavi Naik,2025-01-15,13:20:10,-08:00,2025-01-15T13:20:10-08:00,0,5
style.css,2,css,f14da1d5,Jahnavi Naik,2025-01-22,09:19:41,-08:00,2025-01-22T09:19:41-08:00,0,24
style.css,3,css,b5043cd1,Jahnavi Naik,2025-01-16,10:59:02,-08:00,2025-01-16T10:59:02-08:00,0,23
style.css,4,css,eb009ffa,Jahnavi Naik,2025-01-15,13:20:10,-08:00,2025-01-15T13:20:10-08:00,0,33
style.css,5,css,eb009ffa,Jahnavi Naik,2025-01-15,13:20:10,-08:00,2025-01-15T13:20:10-08:00,0,0
style.css,6,css,eb009ffa,Jahnavi Naik,2025-01-15,13:20:10,-08:00,2025-01-15T13:20:10-08:00,0,0
style.css,7,css,eb009ffa,Jahnavi Naik,2025-01-15,13:20:10,-08:00,2025-01-15T13:20:10-08:00,0,23
style.css,8,css,eb009ffa,Jahnavi Naik,2025-01-15,13:20:10,-08:00,2025-01-15T13:20:10-08:00,0,16
style.css,9,css,eb009ffa,Jahnavi Naik,2025-01-15,13:20:10,-08:00,2025-01-15T13:20:10-08:00,0,18
style.css,10,css,eb009ffa,Jahnavi Naik,2025-01-15,13:20:10,-08:00,2025-01-15T13:20:10-08:00,0,0
style.css,11,css,eb009ffa,Jahnavi Naik,2025-01-15,13:20:10,-08:00,2025-01-15T13:20:10-08:00,0,0
style.css,12,css,eb009ffa,Jahnavi Naik,2025-01-15,13:20:10,-08:00,2025-01-15T13:20:10-08:00,0,3
style.css,13,css,eb009ffa,Jahnavi Naik,2025-01-15,13:20:10,-08:00,2025-01-15T13:20:10-08:00,0,15
style.css,14,css,eb009ffa,Jahnavi Naik,2025-01-15,13:20:10,-08:00,2025-01-15T13:20:10-08:00,0,0
style.css,15,css,eb009ffa,Jahnavi Naik,2025-01-15,13:20:10,-08:00,2025-01-15T13:20:10-08:00,0,0
style.css,16,css,a135cbdd,Jahnavi Naik,2025-01-10,09:12:47,-08:00,2025-01-10T09:12:47-08:00,0,5
style.css,17,css,a135cbdd,Jahnavi Naik,2025-01-10,09:12:47,-08:00,2025-01-10T09:12:47-08:00,0,44
style.css,18,css,a135cbdd,Jahnavi Naik,2025-01-10,09:12:47,-08:00,2025-01-10T09:12:47-08:00,0,43
style.css,19,css,a135cbdd,Jahnavi Naik,2025-01-10,09:12:47,-08:00,2025-01-10T09:12:47-08:00,0,1
style.css,20,css,eb009ffa,Jahnavi Naik,2025-01-15,13:20:10,-08:00,2025-01-15T13:20:10-08:00,0,16
style.css,21,css,eb009ffa,Jahnavi Naik,2025-01-15,13:20:10,-08:00,2025-01-15T13:20:10-08:00,0,12
style.css,22,css,eb009ffa,Jahnavi Naik,2025-01-15,13:20:10,-08:00,2025-01-15T13:20:10-08:00,0,12
style.css,23,css,a135cbdd,Jahnavi Naik,2025-01-10,09:12:47,-08:00,2025-01-10T09:12:47-08:00,0,24
style.css,24,css,81ea9c1a,Jahnavi Naik,2025-01-15,17:30:57,-08:00,2025-01-15T17:30:57-08:00,0,44
style.css,25,css,eb009ffa,Jahnavi Naik,2025-01-15,13:20:10,-08:00,2025-01-15T13:20:10-08:00,0,0
style.css,26,css,eb009ffa,Jahnavi Naik,2025-01-15,13:20:10,-08:00,2025-01-15T13:20:10-08:00,0,0
style.css,27,css,eb009ffa,Jahnavi Naik,2025-01-15,13:20:10,-08:00,2025-01-15T13:20:10-08:00,0,4
style.css,28,css,eb009ffa,Jahnavi Naik,2025-01-15,13:20:10,-08:00,2025-01-15T13:20:10-08:00,0,13
style.css,29,css,eb009ffa,Jahnavi Naik,2025-01-15,13:20:10,-08:00,2025-01-15T13:20:10-08:00,0,19
style.css,30,css,eb009ffa,Jahnavi Naik,2025-01-15,13:20:10,-08:00,2025-01-15T13:20:10-08:00,0,24
style.css,31,css,eb009ffa,Jahnavi Naik,2025-01-15,13:20:10,-08:00,2025-01-15T13:20:10-08:00,0,26
style.css,32,css,f14da1d5,Jahnavi Naik,2025-01-22,09:19:41,-08:00,2025-01-22T09:19:41-08:00,0,45
style.css,33,css,eb009ffa,Jahnavi Naik,2025-01-15,13:20:10,-08:00,2025-01-15T13:20:10-08:00,0,0
style.css,34,css,eb009ffa,Jahnavi Naik,2025-01-15,13:20:10,-08:00,2025-01-15T13:20:10-08:00,0,0
style.css,35,css,eb009ffa,Jahnavi Naik,2025-01-15,13:20:10,-08:00,2025-01-15T13:20:10-08:00,0,0
style.css,36,css,eb009ffa,Jahnavi Naik,2025-01-15,13:20:10,-08:00,2025-01-15T13:20:10-08:00,0,6
style.css,37,css,eb009ffa,Jahnavi Naik,2025-01-15,13:20:10,-08:00,2025-01-15T13:20:10-08:00,0,7
style.css,38,css,eb009ffa,Jahnavi Naik,2025-01-15,13:20:10,-08:00,2025-01-15T13:20:10-08:00,0,21
style.css,39,css,eb009ffa,Jahnavi Naik,2025-01-15,13:20:10,-08:00,2025-01-15T13:20:10-08:00,0,14
style.css,40,css,eb009ffa,Jahnavi Naik,2025-01-15,13:20:10,-08:00,2025-01-15T13:20:10-08:00,0,18
style.css,41,css,eb009ffa,Jahnavi Naik,2025-01-15,13:20:10,-08:00,2025-01-15T13:20:10-08:00,0,14
style.css,42,css,eb009ffa,Jahnavi Naik,2025-01-15,13:20:10,-08:00,2025-01-15T13:20:10-08:00,0,0
style.css,43,css,eb009ffa,Jahnavi Naik,2025-01-15,13:20:10,-08:00,2025-01-15T13:20:10-08:00,0,0
style.css,44,css,eb009ffa,Jahnavi Naik,2025-01-15,13:20:10,-08:00,2025-01-15T13:20:10-08:00,0,0
style.css,45,css,eb009ffa,Jahnavi Naik,2025-01-15,13:20:10,-08:00,2025-01-15T13:20:10-08:00,0,14
style.css,46,css,eb009ffa,Jahnavi Naik,2025-01-15,13:20:10,-08:00,2025-01-15T13:20:10-08:00,0,26
style.css,47,css,eb009ffa,Jahnavi Naik,2025-01-15,13:20:10,-08:00,2025-01-15T13:20:10-08:00,0,26
style.css,48,css,f14da1d5,Jahnavi Naik,2025-01-22,09:19:41,-08:00,2025-01-22T09:19:41-08:00,0,45
style.css,49,css,eb009ffa,Jahnavi Naik,2025-01-15,13:20:10,-08:00,2025-01-15T13:20:10-08:00,0,21
style.css,50,css,eb009ffa,Jahnavi Naik,2025-01-15,13:20:10,-08:00,2025-01-15T13:20:10-08:00,0,0
style.css,51,css,eb009ffa,Jahnavi Naik,2025-01-15,13:20:10,-08:00,2025-01-15T13:20:10-08:00,0,0
style.css,52,css,eb009ffa,Jahnavi Naik,2025-01-15,13:20:10,-08:00,2025-01-15T13:20:10-08:00,0,12
style.css,53,css,eb009ffa,Jahnavi Naik,2025-01-15,13:20:10,-08:00,2025-01-15T13:20:10-08:00,0,26
style.css,54,css,eb009ffa,Jahnavi Naik,2025-01-15,13:20:10,-08:00,2025-01-15T13:20:10-08:00,0,26
style.css,55,css,eb009ffa,Jahnavi Naik,2025-01-15,13:20:10,-08:00,2025-01-15T13:20:10-08:00,0,40
style.css,56,css,f14da1d5,Jahnavi Naik,2025-01-22,09:19:41,-08:00,2025-01-22T09:19:41-08:00,0,69
style.css,57,css,eb009ffa,Jahnavi Naik,2025-01-15,13:20:10,-08:00,2025-01-15T13:20:10-08:00,0,0
style.css,58,css,eb009ffa,Jahnavi Naik,2025-01-15,13:20:10,-08:00,2025-01-15T13:20:10-08:00,0,0
style.css,59,css,eb009ffa,Jahnavi Naik,2025-01-15,13:20:10,-08:00,2025-01-15T13:20:10-08:00,0,5
style.css,60,css,eb009ffa,Jahnavi Naik,2025-01-15,13:20:10,-08:00,2025-01-15T13:20:10-08:00,0,13
style.css,61,css,eb009ffa,Jahnavi Naik,2025-01-15,13:20:10,-08:00,2025-01-15T13:20:10-08:00,0,31
style.css,62,css,eb009ffa,Jahnavi Naik,2025-01-15,13:20:10,-08:00,2025-01-15T13:20:10-08:00,0,8
style.css,63,css,eb009ffa,Jahnavi Naik,2025-01-15,13:20:10,-08:00,2025-01-15T13:20:10-08:00,0,0
style.css,64,css,eb009ffa,Jahnavi Naik,2025-01-15,13:20:10,-08:00,2025-01-15T13:20:10-08:00,0,0
style.css,65,css,eb009ffa,Jahnavi Naik,2025-01-15,13:20:10,-08:00,2025-01-15T13:20:10-08:00,0,11
style.css,66,css,eb009ffa,Jahnavi Naik,2025-01-15,13:20:10,-08:00,2025-01-15T13:20:10-08:00,0,13
style.css,67,css,eb009ffa,Jahnavi Naik,2025-01-15,13:20:10,-08:00,2025-01-15T13:20:10-08:00,0,30
style.css,68,css,eb009ffa,Jahnavi Naik,2025-01-15,13:20:10,-08:00,2025-01-15T13:20:10-08:00,0,19
style.css,69,css,eb009ffa,Jahnavi Naik,2025-01-15,13:20:10,-08:00,2025-01-15T13:20:10-08:00,0,0
style.css,70,css,eb009ffa,Jahnavi Naik,2025-01-15,13:20:10,-08:00,2025-01-15T13:20:10-08:00,0,0
style.css,71,css,fe7e62de,Jahnavi Naik,2025-01-16,13:27:56,-08:00,2025-01-16T13:27:56-08:00,0,12
style.css,72,css,fe7e62de,Jahnavi Naik,2025-01-16,13:27:56,-08:00,2025-01-16T13:27:56-08:00,0,19
style.css,73,css,fe7e62de,Jahnavi Naik,2025-01-16,13:27:56,-08:00,2025-01-16T13:27:56-08:00,0,0
style.css,74,css,fe7e62de,Jahnavi Naik,2025-01-16,13:27:56,-08:00,2025-01-16T13:27:56-08:00,0,0
style.css,75,css,eb009ffa,Jahnavi Naik,2025-01-15,13:20:10,-08:00,2025-01-15T13:20:10-08:00,0,10
style.css,76,css,eb009ffa,Jahnavi Naik,2025-01-15,13:20:10,-08:00,2025-01-15T13:20:10-08:00,0,13
style.css,77,css,eb009ffa,Jahnavi Naik,2025-01-15,13:20:10,-08:00,2025-01-15T13:20:10-08:00,0,59
style.css,78,css,eb009ffa,Jahnavi Naik,2025-01-15,13:20:10,-08:00,2025-01-15T13:20:10-08:00,0,0
style.css,79,css,eb009ffa,Jahnavi Naik,2025-01-15,13:20:10,-08:00,2025-01-15T13:20:10-08:00,0,0
style.css,80,css,eb009ffa,Jahnavi Naik,2025-01-15,13:20:10,-08:00,2025-01-15T13:20:10-08:00,0,18
style.css,81,css,eb009ffa,Jahnavi Naik,2025-01-15,13:20:10,-08:00,2025-01-15T13:20:10-08:00,0,13
style.css,82,css,eb009ffa,Jahnavi Naik,2025-01-15,13:20:10,-08:00,2025-01-15T13:20:10-08:00,0,27
style.css,83,css,eb009ffa,Jahnavi Naik,2025-01-15,13:20:10,-08:00,2025-01-15T13:20:10-08:00,0,16
style.css,84,css,eb009ffa,Jahnavi Naik,2025-01-15,13:20:10,-08:00,2025-01-15T13:20:10-08:00,0,8
style.css,85,css,eb009ffa,Jahnavi Naik,2025-01-15,13:20:10,-08:00,2025-01-15T13:20:10-08:00,0,0
style.css,86,css,eb009ffa,Jahnavi Naik,2025-01-15,13:20:10,-08:00,2025-01-15T13:20:10-08:00,0,0
style.css,87,css,eb009ffa,Jahnavi Naik,2025-01-15,13:20:10,-08:00,2025-01-15T13:20:10-08:00,0,13
style.css,88,css,eb009ffa,Jahnavi Naik,2025-01-15,13:20:10,-08:00,2025-01-15T13:20:10-08:00,0,9
style.css,89,css,81ea9c1a,Jahnavi Naik,2025-01-15,17:30:57,-08:00,2025-01-15T17:30:57-08:00,0,0
style.css,90,css,81ea9c1a,Jahnavi Naik,2025-01-15,17:30:57,-08:00,2025-01-15T17:30:57-08:00,0,0
style.css,91,css,f14da1d5,Jahnavi Naik,2025-01-22,09:19:41,-08:00,2025-01-22T09:19:41-08:00,0,24
style.css,92,css,f14da1d5,Jahnavi Naik,2025-01-22,09:19:41,-08:00,2025-01-22T09:19:41-08:00,0,18
style.css,93,css,f14da1d5,Jahnavi Naik,2025-01-22,09:19:41,-08:00,2025-01-22T09:19:41-08:00,0,9
style.css,94,css,f14da1d5,Jahnavi Naik,2025-01-22,09:19:41,-08:00,2025-01-22T09:19:41-08:00,0,11
style.css,95,css,f14da1d5,Jahnavi Naik,2025-01-22,09:19:41,-08:00,2025-01-22T09:19:41-08:00,0,0
style.css,96,css,f14da1d5,Jahnavi Naik,2025-01-22,09:19:41,-08:00,2025-01-22T09:19:41-08:00,0,0
style.css,97,css,f14da1d5,Jahnavi Naik,2025-01-22,09:19:41,-08:00,2025-01-22T09:19:41-08:00,0,30
style.css,98,css,f14da1d5,Jahnavi Naik,2025-01-22,09:19:41,-08:00,2025-01-22T09:19:41-08:00,0,14
style.css,99,css,f14da1d5,Jahnavi Naik,2025-01-22,09:19:41,-08:00,2025-01-22T09:19:41-08:00,0,20
style.css,100,css,f14da1d5,Jahnavi Naik,2025-01-22,09:19:41,-08:00,2025-01-22T09:19:41-08:00,0,0
style.css,101,css,f14da1d5,Jahnavi Naik,2025-01-22,09:19:41,-08:00,2025-01-22T09:19:41-08:00,0,0
style.css,102,css,f14da1d5,Jahnavi Naik,2025-01-22,09:19:41,-08:00,2025-01-22T09:19:41-08:00,0,31
style.css,103,css,f14da1d5,Jahnavi Naik,2025-01-22,09:19:41,-08:00,2025-01-22T09:19:41-08:00,0,20
style.css,104,css,f14da1d5,Jahnavi Naik,2025-01-22,09:19:41,-08:00,2025-01-22T09:19:41-08:00,0,0
style.css,105,css,0b45d453,Jahnavi Naik,2025-01-28,18:38:41,-08:00,2025-01-28T18:38:41-08:00,0,0
style.css,106,css,0b45d453,Jahnavi Naik,2025-01-28,18:38:41,-08:00,2025-01-28T18:38:41-08:00,0,15
style.css,107,css,0b45d453,Jahnavi Naik,2025-01-28,18:38:41,-08:00,2025-01-28T18:38:41-08:00,0,30
style.css,108,css,0b45d453,Jahnavi Naik,2025-01-28,18:38:41,-08:00,2025-01-28T18:38:41-08:00,0,16
style.css,109,css,0b45d453,Jahnavi Naik,2025-01-28,18:38:41,-08:00,2025-01-28T18:38:41-08:00,0,17
style.css,110,css,0b45d453,Jahnavi Naik,2025-01-28,18:38:41,-08:00,2025-01-28T18:38:41-08:00,0,0
style.css,111,css,0b45d453,Jahnavi Naik,2025-01-28,18:38:41,-08:00,2025-01-28T18:38:41-08:00,0,0
style.css,112,css,0b45d453,Jahnavi Naik,2025-01-28,18:38:41,-08:00,2025-01-28T18:38:41-08:00,0,12
style.css,113,css,0b45d453,Jahnavi Naik,2025-01-28,18:38:41,-08:00,2025-01-28T18:38:41-08:00,0,13
style.css,114,css,0b45d453,Jahnavi Naik,2025-01-28,18:38:41,-08:00,2025-01-28T18:38:41-08:00,0,37
style.css,115,css,0b45d453,Jahnavi Naik,2025-01-28,18:38:41,-08:00,2025-01-28T18:38:41-08:00,0,18
style.css,116,css,0b45d453,Jahnavi Naik,2025-01-28,18:38:41,-08:00,2025-01-28T18:38:41-08:00,0,16
style.css,117,css,0b45d453,Jahnavi Naik,2025-01-28,18:38:41,-08:00,2025-01-28T18:38:41-08:00,0,0
style.css,118,css,0b45d453,Jahnavi Naik,2025-01-28,18:38:41,-08:00,2025-01-28T18:38:41-08:00,0,0
style.css,119,css,0b45d453,Jahnavi Naik,2025-01-28,18:38:41,-08:00,2025-01-28T18:38:41-08:00,0,15
style.css,120,css,0b45d453,Jahnavi Naik,2025-01-28,18:38:41,-08:00,2025-01-28T18:38:41-08:00,0,15
style.css,121,css,0b45d453,Jahnavi Naik,2025-01-28,18:38:41,-08:00,2025-01-28T18:38:41-08:00,0,25
style.css,122,css,0b45d453,Jahnavi Naik,2025-01-28,18:38:41,-08:00,2025-01-28T18:38:41-08:00,0,14
style.css,123,css,0b45d453,Jahnavi Naik,2025-01-28,18:38:41,-08:00,2025-01-28T18:38:41-08:00,0,17
style.css,124,css,0b45d453,Jahnavi Naik,2025-01-28,18:38:41,-08:00,2025-01-28T18:38:41-08:00,0,11
style.css,125,css,0b45d453,Jahnavi Naik,2025-01-28,18:38:41,-08:00,2025-01-28T18:38:41-08:00,0,0
style.css,126,css,0b45d453,Jahnavi Naik,2025-01-28,18:38:41,-08:00,2025-01-28T18:38:41-08:00,0,0
style.css,127,css,0b45d453,Jahnavi Naik,2025-01-28,18:38:41,-08:00,2025-01-28T18:38:41-08:00,0,15
style.css,128,css,0b45d453,Jahnavi Naik,2025-01-28,18:38:41,-08:00,2025-01-28T18:38:41-08:00,0,15
style.css,129,css,0b45d453,Jahnavi Naik,2025-01-28,18:38:41,-08:00,2025-01-28T18:38:41-08:00,0,9
style.css,130,css,0b45d453,Jahnavi Naik,2025-01-28,18:38:41,-08:00,2025-01-28T18:38:41-08:00,0,11
style.css,131,css,624c3846,Jahnavi Naik,2025-02-03,22:42:42,-08:00,2025-02-03T22:42:42-08:00,0,0
style.css,132,css,624c3846,Jahnavi Naik,2025-02-03,22:42:42,-08:00,2025-02-03T22:42:42-08:00,0,0
style.css,133,css,624c3846,Jahnavi Naik,2025-02-03,22:42:42,-08:00,2025-02-03T22:42:42-08:00,0,19
style.css,134,css,624c3846,Jahnavi Naik,2025-02-03,22:42:42,-08:00,2025-02-03T22:42:42-08:00,0,15
style.css,135,css,624c3846,Jahnavi Naik,2025-02-03,22:42:42,-08:00,2025-02-03T22:42:42-08:00,0,17
style.css,136,css,624c3846,Jahnavi Naik,2025-02-03,22:42:42,-08:00,2025-02-03T22:42:42-08:00,0,17
style.css,137,css,624c3846,Jahnavi Naik,2025-02-03,22:42:42,-08:00,2025-02-03T22:42:42-08:00,0,0
style.css,138,css,624c3846,Jahnavi Naik,2025-02-03,22:42:42,-08:00,2025-02-03T22:42:42-08:00,0,0
style.css,139,css,624c3846,Jahnavi Naik,2025-02-03,22:42:42,-08:00,2025-02-03T22:42:42-08:00,0,11
style.css,140,css,624c3846,Jahnavi Naik,2025-02-03,22:42:42,-08:00,2025-02-03T22:42:42-08:00,0,13
style.css,141,css,624c3846,Jahnavi Naik,2025-02-03,22:42:42,-08:00,2025-02-03T22:42:42-08:00,0,19
style.css,142,css,624c3846,Jahnavi Naik,2025-02-03,22:42:42,-08:00,2025-02-03T22:42:42-08:00,0,9
style.css,143,css,624c3846,Jahnavi Naik,2025-02-03,22:42:42,-08:00,2025-02-03T22:42:42-08:00,0,0
style.css,144,css,624c3846,Jahnavi Naik,2025-02-03,22:42:42,-08:00,2025-02-03T22:42:42-08:00,0,0
style.css,145,css,624c3846,Jahnavi Naik,2025-02-03,22:42:42,-08:00,2025-02-03T22:42:42-08:00,0,8
style.css,146,css,624c3846,Jahnavi Naik,2025-02-03,22:42:42,-08:00,2025-02-03T22:42:42-08:00,0,13
style.css,147,css,624c3846,Jahnavi Naik,2025-02-03,22:42:42,-08:00,2025-02-03T22:42:42-08:00,0,58
style.css,148,css,624c3846,Jahnavi Naik,2025-02-03,22:42:42,-08:00,2025-02-03T22:42:42-08:00,0,8
style.css,149,css,624c3846,Jahnavi Naik,2025-02-03,22:42:42,-08:00,2025-02-03T22:42:42-08:00,0,22
style.css,150,css,624c3846,Jahnavi Naik,2025-02-03,22:42:42,-08:00,2025-02-03T22:42:42-08:00,0,13
style.css,151,css,624c3846,Jahnavi Naik,2025-02-03,22:42:42,-08:00,2025-02-03T22:42:42-08:00,0,14
style.css,152,css,624c3846,Jahnavi Naik,2025-02-03,22:42:42,-08:00,2025-02-03T22:42:42-08:00,0,29
style.css,153,css,624c3846,Jahnavi Naik,2025-02-03,22:42:42,-08:00,2025-02-03T22:42:42-08:00,0,18
style.css,154,css,624c3846,Jahnavi Naik,2025-02-03,22:42:42,-08:00,2025-02-03T22:42:42-08:00,0,7
style.css,155,css,624c3846,Jahnavi Naik,2025-02-03,22:42:42,-08:00,2025-02-03T22:42:42-08:00,0,16
style.css,156,css,624c3846,Jahnavi Naik,2025-02-03,22:42:42,-08:00,2025-02-03T22:42:42-08:00,0,0
style.css,157,css,624c3846,Jahnavi Naik,2025-02-03,22:42:42,-08:00,2025-02-03T22:42:42-08:00,0,0
style.css,158,css,624c3846,Jahnavi Naik,2025-02-03,22:42:42,-08:00,2025-02-03T22:42:42-08:00,0,13
style.css,159,css,624c3846,Jahnavi Naik,2025-02-03,22:42:42,-08:00,2025-02-03T22:42:42-08:00,0,13
style.css,160,css,624c3846,Jahnavi Naik,2025-02-03,22:42:42,-08:00,2025-02-03T22:42:42-08:00,0,19
style.css,161,css,624c3846,Jahnavi Naik,2025-02-03,22:42:42,-08:00,2025-02-03T22:42:42-08:00,0,8
style.css,162,css,624c3846,Jahnavi Naik,2025-02-03,22:42:42,-08:00,2025-02-03T22:42:42-08:00,0,15
style.css,163,css,624c3846,Jahnavi Naik,2025-02-03,22:42:42,-08:00,2025-02-03T22:42:42-08:00,0,30
style.css,164,css,624c3846,Jahnavi Naik,2025-02-03,22:42:42,-08:00,2025-02-03T22:42:42-08:00,0,0
style.css,165,css,624c3846,Jahnavi Naik,2025-02-03,22:42:42,-08:00,2025-02-03T22:42:42-08:00,0,0
style.css,166,css,624c3846,Jahnavi Naik,2025-02-03,22:42:42,-08:00,2025-02-03T22:42:42-08:00,0,8
style.css,167,css,624c3846,Jahnavi Naik,2025-02-03,22:42:42,-08:00,2025-02-03T22:42:42-08:00,0,11
style.css,168,css,624c3846,Jahnavi Naik,2025-02-03,22:42:42,-08:00,2025-02-03T22:42:42-08:00,0,12
style.css,169,css,624c3846,Jahnavi Naik,2025-02-03,22:42:42,-08:00,2025-02-03T22:42:42-08:00,0,30
style.css,170,css,624c3846,Jahnavi Naik,2025-02-03,22:42:42,-08:00,2025-02-03T22:42:42-08:00,0,18
style.css,171,css,624c3846,Jahnavi Naik,2025-02-03,22:42:42,-08:00,2025-02-03T22:42:42-08:00,0,21
style.css,172,css,624c3846,Jahnavi Naik,2025-02-03,22:42:42,-08:00,2025-02-03T22:42:42-08:00,0,0
style.css,173,css,624c3846,Jahnavi Naik,2025-02-03,22:42:42,-08:00,2025-02-03T22:42:42-08:00,0,0
style.css,174,css,133fec21,Jahnavi Naik,2025-02-06,16:47:45,-08:00,2025-02-06T16:47:45-08:00,0,18
style.css,175,css,133fec21,Jahnavi Naik,2025-02-06,16:47:45,-08:00,2025-02-06T16:47:45-08:00,0,17
style.css,176,css,133fec21,Jahnavi Naik,2025-02-06,16:47:45,-08:00,2025-02-06T16:47:45-08:00,0,12
style.css,177,css,133fec21,Jahnavi Naik,2025-02-06,16:47:45,-08:00,2025-02-06T16:47:45-08:00,0,0
style.css,178,css,133fec21,Jahnavi Naik,2025-02-06,16:47:45,-08:00,2025-02-06T16:47:45-08:00,0,0
style.css,179,css,133fec21,Jahnavi Naik,2025-02-06,16:47:45,-08:00,2025-02-06T16:47:45-08:00,0,0
style.css,180,css,133fec21,Jahnavi Naik,2025-02-06,16:47:45,-08:00,2025-02-06T16:47:45-08:00,0,5
style.css,181,css,133fec21,Jahnavi Naik,2025-02-06,16:47:45,-08:00,2025-02-06T16:47:45-08:00,0,17
style.css,182,css,133fec21,Jahnavi Naik,2025-02-06,16:47:45,-08:00,2025-02-06T16:47:45-08:00,0,0
style.css,183,css,133fec21,Jahnavi Naik,2025-02-06,16:47:45,-08:00,2025-02-06T16:47:45-08:00,0,0
style.css,184,css,133fec21,Jahnavi Naik,2025-02-06,16:47:45,-08:00,2025-02-06T16:47:45-08:00,0,10
style.css,185,css,133fec21,Jahnavi Naik,2025-02-06,16:47:45,-08:00,2025-02-06T16:47:45-08:00,0,36
style.css,186,css,133fec21,Jahnavi Naik,2025-02-06,16:47:45,-08:00,2025-02-06T16:47:45-08:00,0,0
style.css,187,css,133fec21,Jahnavi Naik,2025-02-06,16:47:45,-08:00,2025-02-06T16:47:45-08:00,0,11
style.css,188,css,133fec21,Jahnavi Naik,2025-02-06,16:47:45,-08:00,2025-02-06T16:47:45-08:00,0,18
style.css,189,css,133fec21,Jahnavi Naik,2025-02-06,16:47:45,-08:00,2025-02-06T16:47:45-08:00,0,0
style.css,190,css,133fec21,Jahnavi Naik,2025-02-06,16:47:45,-08:00,2025-02-06T16:47:45-08:00,0,0
index.js,1,js,a28eaee0,Jahnavi Naik,2025-01-30,14:40:06,-08:00,2025-01-30T14:40:06-08:00,0,70
index.js,2,js,a28eaee0,Jahnavi Naik,2025-01-30,14:40:06,-08:00,2025-01-30T14:40:06-08:00,0,55
index.js,3,js,bb13072a,Jahnavi Naik,2025-01-28,16:25:13,-08:00,2025-01-28T16:25:13-08:00,0,43
index.js,4,js,bb13072a,Jahnavi Naik,2025-01-28,16:25:13,-08:00,2025-01-28T16:25:13-08:00,0,61
index.js,5,js,0b45d453,Jahnavi Naik,2025-01-28,18:38:41,-08:00,2025-01-28T18:38:41-08:00,0,55
index.js,6,js,0b45d453,Jahnavi Naik,2025-01-28,18:38:41,-08:00,2025-01-28T18:38:41-08:00,0,56
index.js,7,js,0b45d453,Jahnavi Naik,2025-01-28,18:38:41,-08:00,2025-01-28T18:38:41-08:00,0,61
index.js,8,js,0b45d453,Jahnavi Naik,2025-01-28,18:38:41,-08:00,2025-01-28T18:38:41-08:00,0,18
index.js,9,js,0b45d453,Jahnavi Naik,2025-01-28,18:38:41,-08:00,2025-01-28T18:38:41-08:00,0,25
index.js,10,js,5df0583c,Jahnavi Naik,2025-01-30,15:28:50,-08:00,2025-01-30T15:28:50-08:00,0,22
index.js,11,js,0b45d453,Jahnavi Naik,2025-01-28,18:38:41,-08:00,2025-01-28T18:38:41-08:00,0,56
index.js,12,js,0b45d453,Jahnavi Naik,2025-01-28,18:38:41,-08:00,2025-01-28T18:38:41-08:00,0,56
index.js,13,js,0b45d453,Jahnavi Naik,2025-01-28,18:38:41,-08:00,2025-01-28T18:38:41-08:00,0,50
index.js,14,js,0b45d453,Jahnavi Naik,2025-01-28,18:38:41,-08:00,2025-01-28T18:38:41-08:00,0,50
index.js,15,js,0b45d453,Jahnavi Naik,2025-01-28,18:38:41,-08:00,2025-01-28T18:38:41-08:00,0,4
index.js,16,js,0b45d453,Jahnavi Naik,2025-01-28,18:38:41,-08:00,2025-01-28T18:38:41-08:00,0,1
index.js,17,js,0b45d453,Jahnavi Naik,2025-01-28,18:38:41,-08:00,2025-01-28T18:38:41-08:00,0,0
index.html,1,html,d313975a,Jahnavi Naik,2025-01-10,08:30:10,-08:00,2025-01-10T08:30:10-08:00,0,14
index.html,2,html,d313975a,Jahnavi Naik,2025-01-10,08:30:10,-08:00,2025-01-10T08:30:10-08:00,0,15
index.html,3,html,d313975a,Jahnavi Naik,2025-01-10,08:30:10,-08:00,2025-01-10T08:30:10-08:00,0,5
index.html,4,html,d313975a,Jahnavi Naik,2025-01-10,08:30:10,-08:00,2025-01-10T08:30:10-08:00,0,21
index.html,5,html,d313975a,Jahnavi Naik,2025-01-10,08:30:10,-08:00,2025-01-10T08:30:10-08:00,0,69
index.html,6,html,d313975a,Jahnavi Naik,2025-01-10,08:30:10,-08:00,2025-01-10T08:30:10-08:00,0,55
index.html,7,html,a135cbdd,Jahnavi Naik,2025-01-10,09:12:47,-08:00,2025-01-10T09:12:47-08:00,0,39
index.html,8,html,e1f4c37d,Jahnavi Naik,2025-01-22,17:03:01,-08:00,2025-01-22T17:03:01-08:00,0,46
index.html,9,html,48d70692,Jahnavi Naik,2025-01-30,09:47:46,-08:00,2025-01-30T09:47:46-08:00,0,51
index.html,10,html,d313975a,Jahnavi Naik,2025-01-10,08:30:10,-08:00,2025-01-10T08:30:10-08:00,0,6
index.html,11,html,d313975a,Jahnavi Naik,2025-01-10,08:30:10,-08:00,2025-01-10T08:30:10-08:00,0,5
index.html,12,html,d313975a,Jahnavi Naik,2025-01-10,08:30:10,-08:00,2025-01-10T08:30:10-08:00,0,22
index.html,13,html,d313975a,Jahnavi Naik,2025-01-10,08:30:10,-08:00,2025-01-10T08:30:10-08:00,0,118
index.html,14,html,eb009ffa,Jahnavi Naik,2025-01-15,13:20:10,-08:00,2025-01-15T13:20:10-08:00,0,104
index.html,15,html,bb13072a,Jahnavi Naik,2025-01-28,16:25:13,-08:00,2025-01-28T16:25:13-08:00,0,23
index.html,16,html,bb13072a,Jahnavi Naik,2025-01-28,16:25:13,-08:00,2025-01-28T16:25:13-08:00,0,21
index.html,17,html,bb13072a,Jahnavi Naik,2025-01-28,16:25:13,-08:00,2025-01-28T16:25:13-08:00,0,50
index.html,18,html,bb13072a,Jahnavi Naik,2025-01-28,16:25:13,-08:00,2025-01-28T16:25:13-08:00,0,5
index.html,19,html,757a67ec,Jahnavi Naik,2025-01-30,15:11:12,-08:00,2025-01-30T15:11:12-08:00,0,23
index.html,20,html,0b45d453,Jahnavi Naik,2025-01-28,18:38:41,-08:00,2025-01-28T18:38:41-08:00,0,23
index.html,21,html,757a67ec,Jahnavi Naik,2025-01-30,15:11:12,-08:00,2025-01-30T15:11:12-08:00,0,22
index.html,22,html,0b45d453,Jahnavi Naik,2025-01-28,18:38:41,-08:00,2025-01-28T18:38:41-08:00,0,17
index.html,23,html,0b45d453,Jahnavi Naik,2025-01-28,18:38:41,-08:00,2025-01-28T18:38:41-08:00,0,23
index.html,24,html,0b45d453,Jahnavi Naik,2025-01-28,18:38:41,-08:00,2025-01-28T18:38:41-08:00,0,17
index.html,25,html,0b45d453,Jahnavi Naik,2025-01-28,18:38:41,-08:00,2025-01-28T18:38:41-08:00,0,23
index.html,26,html,0b45d453,Jahnavi Naik,2025-01-28,18:38:41,-08:00,2025-01-28T18:38:41-08:00,0,20
index.html,27,html,0b45d453,Jahnavi Naik,2025-01-28,18:38:41,-08:00,2025-01-28T18:38:41-08:00,0,26
index.html,28,html,0b45d453,Jahnavi Naik,2025-01-28,18:38:41,-08:00,2025-01-28T18:38:41-08:00,0,20
index.html,29,html,0b45d453,Jahnavi Naik,2025-01-28,18:38:41,-08:00,2025-01-28T18:38:41-08:00,0,26
index.html,30,html,0b45d453,Jahnavi Naik,2025-01-28,18:38:41,-08:00,2025-01-28T18:38:41-08:00,0,4
index.html,31,html,0b45d453,Jahnavi Naik,2025-01-28,18:38:41,-08:00,2025-01-28T18:38:41-08:00,0,5
index.html,32,html,bb13072a,Jahnavi Naik,2025-01-28,16:25:13,-08:00,2025-01-28T16:25:13-08:00,0,0
index.html,33,html,d313975a,Jahnavi Naik,2025-01-10,08:30:10,-08:00,2025-01-10T08:30:10-08:00,0,6
index.html,34,html,d313975a,Jahnavi Naik,2025-01-10,08:30:10,-08:00,2025-01-10T08:30:10-08:00,0,6
global.js,1,js,535ca317,Jahnavi Naik,2025-01-21,12:12:49,-08:00,2025-01-21T12:12:49-08:00,0,26
global.js,2,js,535ca317,Jahnavi Naik,2025-01-21,12:12:49,-08:00,2025-01-21T12:12:49-08:00,0,0
global.js,3,js,535ca317,Jahnavi Naik,2025-01-21,12:12:49,-08:00,2025-01-21T12:12:49-08:00,0,42
global.js,4,js,535ca317,Jahnavi Naik,2025-01-21,12:12:49,-08:00,2025-01-21T12:12:49-08:00,0,53
global.js,5,js,535ca317,Jahnavi Naik,2025-01-21,12:12:49,-08:00,2025-01-21T12:12:49-08:00,0,0
global.js,6,js,535ca317,Jahnavi Naik,2025-01-21,12:12:49,-08:00,2025-01-21T12:12:49-08:00,0,0
global.js,7,js,535ca317,Jahnavi Naik,2025-01-21,12:12:49,-08:00,2025-01-21T12:12:49-08:00,0,71
global.js,8,js,535ca317,Jahnavi Naik,2025-01-21,12:12:49,-08:00,2025-01-21T12:12:49-08:00,0,0
global.js,9,js,535ca317,Jahnavi Naik,2025-01-21,12:12:49,-08:00,2025-01-21T12:12:49-08:00,0,12
global.js,10,js,535ca317,Jahnavi Naik,2025-01-21,12:12:49,-08:00,2025-01-21T12:12:49-08:00,0,26
global.js,11,js,9e65ec66,Jahnavi Naik,2025-01-23,11:15:46,-08:00,2025-01-23T11:15:46-08:00,0,49
global.js,12,js,9e65ec66,Jahnavi Naik,2025-01-23,11:15:46,-08:00,2025-01-23T11:15:46-08:00,0,45
global.js,13,js,9e65ec66,Jahnavi Naik,2025-01-23,11:15:46,-08:00,2025-01-23T11:15:46-08:00,0,46
global.js,14,js,00000000,Not Committed Yet,2025-02-10,14:14:26,-08:00,2025-02-10T14:14:26-08:00,0,39
global.js,15,js,535ca317,Jahnavi Naik,2025-01-21,12:12:49,-08:00,2025-01-21T12:12:49-08:00,0,59
global.js,16,js,535ca317,Jahnavi Naik,2025-01-21,12:12:49,-08:00,2025-01-21T12:12:49-08:00,0,1
global.js,17,js,535ca317,Jahnavi Naik,2025-01-21,12:12:49,-08:00,2025-01-21T12:12:49-08:00,0,0
global.js,18,js,535ca317,Jahnavi Naik,2025-01-21,12:12:49,-08:00,2025-01-21T12:12:49-08:00,0,39
global.js,19,js,535ca317,Jahnavi Naik,2025-01-21,12:12:49,-08:00,2025-01-21T12:12:49-08:00,0,26
global.js,20,js,535ca317,Jahnavi Naik,2025-01-21,12:12:49,-08:00,2025-01-21T12:12:49-08:00,0,0
global.js,21,js,535ca317,Jahnavi Naik,2025-01-21,12:12:49,-08:00,2025-01-21T12:12:49-08:00,0,21
global.js,22,js,535ca317,Jahnavi Naik,2025-01-21,12:12:49,-08:00,2025-01-21T12:12:49-08:00,0,15
global.js,23,js,535ca317,Jahnavi Naik,2025-01-21,12:12:49,-08:00,2025-01-21T12:12:49-08:00,0,19
global.js,24,js,535ca317,Jahnavi Naik,2025-01-21,12:12:49,-08:00,2025-01-21T12:12:49-08:00,0,0
global.js,25,js,31638550,Jahnavi Naik,2025-01-23,16:30:48,-08:00,2025-01-23T16:30:48-08:00,0,74
global.js,26,js,535ca317,Jahnavi Naik,2025-01-21,12:12:49,-08:00,2025-01-21T12:12:49-08:00,0,0
global.js,27,js,535ca317,Jahnavi Naik,2025-01-21,12:12:49,-08:00,2025-01-21T12:12:49-08:00,0,35
global.js,28,js,535ca317,Jahnavi Naik,2025-01-21,12:12:49,-08:00,2025-01-21T12:12:49-08:00,0,12
global.js,29,js,535ca317,Jahnavi Naik,2025-01-21,12:12:49,-08:00,2025-01-21T12:12:49-08:00,0,21
global.js,30,js,535ca317,Jahnavi Naik,2025-01-21,12:12:49,-08:00,2025-01-21T12:12:49-08:00,0,0
global.js,31,js,535ca317,Jahnavi Naik,2025-01-21,12:12:49,-08:00,2025-01-21T12:12:49-08:00,0,0
global.js,32,js,535ca317,Jahnavi Naik,2025-01-21,12:12:49,-08:00,2025-01-21T12:12:49-08:00,0,66
global.js,33,js,535ca317,Jahnavi Naik,2025-01-21,12:12:49,-08:00,2025-01-21T12:12:49-08:00,0,26
global.js,34,js,535ca317,Jahnavi Naik,2025-01-21,12:12:49,-08:00,2025-01-21T12:12:49-08:00,0,0
global.js,35,js,535ca317,Jahnavi Naik,2025-01-21,12:12:49,-08:00,2025-01-21T12:12:49-08:00,0,0
global.js,36,js,535ca317,Jahnavi Naik,2025-01-21,12:12:49,-08:00,2025-01-21T12:12:49-08:00,0,30
global.js,37,js,535ca317,Jahnavi Naik,2025-01-21,12:12:49,-08:00,2025-01-21T12:12:49-08:00,0,19
global.js,38,js,535ca317,Jahnavi Naik,2025-01-21,12:12:49,-08:00,2025-01-21T12:12:49-08:00,0,0
global.js,39,js,535ca317,Jahnavi Naik,2025-01-21,12:12:49,-08:00,2025-01-21T12:12:49-08:00,0,13
global.js,40,js,535ca317,Jahnavi Naik,2025-01-21,12:12:49,-08:00,2025-01-21T12:12:49-08:00,0,0
global.js,41,js,535ca317,Jahnavi Naik,2025-01-21,12:12:49,-08:00,2025-01-21T12:12:49-08:00,0,0
global.js,42,js,f14da1d5,Jahnavi Naik,2025-01-22,09:19:41,-08:00,2025-01-22T09:19:41-08:00,0,32
global.js,43,js,f14da1d5,Jahnavi Naik,2025-01-22,09:19:41,-08:00,2025-01-22T09:19:41-08:00,0,12
global.js,44,js,f14da1d5,Jahnavi Naik,2025-01-22,09:19:41,-08:00,2025-01-22T09:19:41-08:00,0,0
global.js,45,js,f14da1d5,Jahnavi Naik,2025-01-22,09:19:41,-08:00,2025-01-22T09:19:41-08:00,0,32
global.js,46,js,f14da1d5,Jahnavi Naik,2025-01-22,09:19:41,-08:00,2025-01-22T09:19:41-08:00,0,31
global.js,47,js,f14da1d5,Jahnavi Naik,2025-01-22,09:19:41,-08:00,2025-01-22T09:19:41-08:00,0,45
global.js,48,js,0adb91d7,Jahnavi Naik,2025-01-23,17:28:03,-08:00,2025-01-23T17:28:03-08:00,0,44
global.js,49,js,f14da1d5,Jahnavi Naik,2025-01-22,09:19:41,-08:00,2025-01-22T09:19:41-08:00,0,35
global.js,50,js,f14da1d5,Jahnavi Naik,2025-01-22,09:19:41,-08:00,2025-01-22T09:19:41-08:00,0,33
global.js,51,js,f14da1d5,Jahnavi Naik,2025-01-22,09:19:41,-08:00,2025-01-22T09:19:41-08:00,0,8
global.js,52,js,f14da1d5,Jahnavi Naik,2025-01-22,09:19:41,-08:00,2025-01-22T09:19:41-08:00,0,7
global.js,53,js,f14da1d5,Jahnavi Naik,2025-01-22,09:19:41,-08:00,2025-01-22T09:19:41-08:00,0,5
global.js,54,js,f14da1d5,Jahnavi Naik,2025-01-22,09:19:41,-08:00,2025-01-22T09:19:41-08:00,0,0
global.js,55,js,f14da1d5,Jahnavi Naik,2025-01-22,09:19:41,-08:00,2025-01-22T09:19:41-08:00,0,1
global.js,56,js,f14da1d5,Jahnavi Naik,2025-01-22,09:19:41,-08:00,2025-01-22T09:19:41-08:00,0,0
global.js,57,js,f14da1d5,Jahnavi Naik,2025-01-22,09:19:41,-08:00,2025-01-22T09:19:41-08:00,0,54
global.js,58,js,d234075a,Jahnavi Naik,2025-01-23,16:57:13,-08:00,2025-01-23T16:57:13-08:00,0,0
global.js,59,js,d234075a,Jahnavi Naik,2025-01-23,16:57:13,-08:00,2025-01-23T16:57:13-08:00,0,35
global.js,60,js,d234075a,Jahnavi Naik,2025-01-23,16:57:13,-08:00,2025-01-23T16:57:13-08:00,0,49
global.js,61,js,d234075a,Jahnavi Naik,2025-01-23,16:57:13,-08:00,2025-01-23T16:57:13-08:00,0,76
global.js,62,js,d234075a,Jahnavi Naik,2025-01-23,16:57:13,-08:00,2025-01-23T16:57:13-08:00,0,31
global.js,63,js,d234075a,Jahnavi Naik,2025-01-23,16:57:13,-08:00,2025-01-23T16:57:13-08:00,0,0
global.js,64,js,d234075a,Jahnavi Naik,2025-01-23,16:57:13,-08:00,2025-01-23T16:57:13-08:00,0,0
global.js,65,js,f14da1d5,Jahnavi Naik,2025-01-22,09:19:41,-08:00,2025-01-22T09:19:41-08:00,0,50
global.js,66,js,f14da1d5,Jahnavi Naik,2025-01-22,09:19:41,-08:00,2025-01-22T09:19:41-08:00,0,58
global.js,67,js,e1f4c37d,Jahnavi Naik,2025-01-22,17:03:01,-08:00,2025-01-22T17:03:01-08:00,0,78
global.js,68,js,d234075a,Jahnavi Naik,2025-01-23,16:57:13,-08:00,2025-01-23T16:57:13-08:00,0,0
global.js,69,js,d234075a,Jahnavi Naik,2025-01-23,16:57:13,-08:00,2025-01-23T16:57:13-08:00,0,45
global.js,70,js,fd091878,Jahnavi Naik,2025-01-23,17:17:26,-08:00,2025-01-23T17:17:26-08:00,0,2
global.js,71,js,f14da1d5,Jahnavi Naik,2025-01-22,09:19:41,-08:00,2025-01-22T09:19:41-08:00,0,0
global.js,72,js,e1f4c37d,Jahnavi Naik,2025-01-22,17:03:01,-08:00,2025-01-22T17:03:01-08:00,0,0
global.js,73,js,fd091878,Jahnavi Naik,2025-01-23,17:17:26,-08:00,2025-01-23T17:17:26-08:00,0,51
global.js,74,js,fd091878,Jahnavi Naik,2025-01-23,17:17:26,-08:00,2025-01-23T17:17:26-08:00,0,0
global.js,75,js,fd091878,Jahnavi Naik,2025-01-23,17:17:26,-08:00,2025-01-23T17:17:26-08:00,0,44
global.js,76,js,fd091878,Jahnavi Naik,2025-01-23,17:17:26,-08:00,2025-01-23T17:17:26-08:00,0,22
global.js,77,js,fd091878,Jahnavi Naik,2025-01-23,17:17:26,-08:00,2025-01-23T17:17:26-08:00,0,0
global.js,78,js,fd091878,Jahnavi Naik,2025-01-23,17:17:26,-08:00,2025-01-23T17:17:26-08:00,0,31
global.js,79,js,fd091878,Jahnavi Naik,2025-01-23,17:17:26,-08:00,2025-01-23T17:17:26-08:00,0,0
global.js,80,js,fd091878,Jahnavi Naik,2025-01-23,17:17:26,-08:00,2025-01-23T17:17:26-08:00,0,33
global.js,81,js,fd091878,Jahnavi Naik,2025-01-23,17:17:26,-08:00,2025-01-23T17:17:26-08:00,0,0
global.js,82,js,fd091878,Jahnavi Naik,2025-01-23,17:17:26,-08:00,2025-01-23T17:17:26-08:00,0,32
global.js,83,js,fd091878,Jahnavi Naik,2025-01-23,17:17:26,-08:00,2025-01-23T17:17:26-08:00,0,72
global.js,84,js,fd091878,Jahnavi Naik,2025-01-23,17:17:26,-08:00,2025-01-23T17:17:26-08:00,0,0
global.js,85,js,fd091878,Jahnavi Naik,2025-01-23,17:17:26,-08:00,2025-01-23T17:17:26-08:00,0,34
global.js,86,js,fd091878,Jahnavi Naik,2025-01-23,17:17:26,-08:00,2025-01-23T17:17:26-08:00,0,25
global.js,87,js,fd091878,Jahnavi Naik,2025-01-23,17:17:26,-08:00,2025-01-23T17:17:26-08:00,0,2
global.js,88,js,c7725aba,Jahnavi Naik,2025-01-28,15:16:19,-08:00,2025-01-28T15:16:19-08:00,0,0
global.js,89,js,c7725aba,Jahnavi Naik,2025-01-28,15:16:19,-08:00,2025-01-28T15:16:19-08:00,0,37
global.js,90,js,c7725aba,Jahnavi Naik,2025-01-28,15:16:19,-08:00,2025-01-28T15:16:19-08:00,0,4
global.js,91,js,c7725aba,Jahnavi Naik,2025-01-28,15:16:19,-08:00,2025-01-28T15:16:19-08:00,0,40
global.js,92,js,c7725aba,Jahnavi Naik,2025-01-28,15:16:19,-08:00,2025-01-28T15:16:19-08:00,0,33
global.js,93,js,c7725aba,Jahnavi Naik,2025-01-28,15:16:19,-08:00,2025-01-28T15:16:19-08:00,0,0
global.js,94,js,c7725aba,Jahnavi Naik,2025-01-28,15:16:19,-08:00,2025-01-28T15:16:19-08:00,0,18
global.js,95,js,c7725aba,Jahnavi Naik,2025-01-28,15:16:19,-08:00,2025-01-28T15:16:19-08:00,0,67
global.js,96,js,c7725aba,Jahnavi Naik,2025-01-28,15:16:19,-08:00,2025-01-28T15:16:19-08:00,0,0
global.js,97,js,c7725aba,Jahnavi Naik,2025-01-28,15:16:19,-08:00,2025-01-28T15:16:19-08:00,0,0
global.js,98,js,c7725aba,Jahnavi Naik,2025-01-28,15:16:19,-08:00,2025-01-28T15:16:19-08:00,0,34
global.js,99,js,c7725aba,Jahnavi Naik,2025-01-28,15:16:19,-08:00,2025-01-28T15:16:19-08:00,0,11
global.js,100,js,c7725aba,Jahnavi Naik,2025-01-28,15:16:19,-08:00,2025-01-28T15:16:19-08:00,0,0
global.js,101,js,c7725aba,Jahnavi Naik,2025-01-28,15:16:19,-08:00,2025-01-28T15:16:19-08:00,0,16
global.js,102,js,c7725aba,Jahnavi Naik,2025-01-28,15:16:19,-08:00,2025-01-28T15:16:19-08:00,0,60
global.js,103,js,c7725aba,Jahnavi Naik,2025-01-28,15:16:19,-08:00,2025-01-28T15:16:19-08:00,0,11
global.js,104,js,c7725aba,Jahnavi Naik,2025-01-28,15:16:19,-08:00,2025-01-28T15:16:19-08:00,0,0
global.js,105,js,c7725aba,Jahnavi Naik,2025-01-28,15:16:19,-08:00,2025-01-28T15:16:19-08:00,0,0
global.js,106,js,c7725aba,Jahnavi Naik,2025-01-28,15:16:19,-08:00,2025-01-28T15:16:19-08:00,0,0
global.js,107,js,c7725aba,Jahnavi Naik,2025-01-28,15:16:19,-08:00,2025-01-28T15:16:19-08:00,0,79
global.js,108,js,c7725aba,Jahnavi Naik,2025-01-28,15:16:19,-08:00,2025-01-28T15:16:19-08:00,0,31
global.js,109,js,c7725aba,Jahnavi Naik,2025-01-28,15:16:19,-08:00,2025-01-28T15:16:19-08:00,0,63
global.js,110,js,c7725aba,Jahnavi Naik,2025-01-28,15:16:19,-08:00,2025-01-28T15:16:19-08:00,0,19
global.js,111,js,9f8426bc,Jahnavi Naik,2025-01-28,16:30:07,-08:00,2025-01-28T16:30:07-08:00,0,56
global.js,112,js,c7725aba,Jahnavi Naik,2025-01-28,15:16:19,-08:00,2025-01-28T15:16:19-08:00,0,0
global.js,113,js,c7725aba,Jahnavi Naik,2025-01-28,15:16:19,-08:00,2025-01-28T15:16:19-08:00,0,0
global.js,114,js,7c5386a4,Jahnavi Naik,2025-01-28,15:53:27,-08:00,2025-01-28T15:53:27-08:00,0,30
global.js,115,js,c7725aba,Jahnavi Naik,2025-01-28,15:16:19,-08:00,2025-01-28T15:16:19-08:00,0,49
global.js,116,js,c7725aba,Jahnavi Naik,2025-01-28,15:16:19,-08:00,2025-01-28T15:16:19-08:00,0,20
global.js,117,js,172e5375,Jahnavi Naik,2025-01-31,15:02:27,-08:00,2025-01-31T15:02:27-08:00,0,44
global.js,118,js,7c5386a4,Jahnavi Naik,2025-01-28,15:53:27,-08:00,2025-01-28T15:53:27-08:00,0,52
global.js,119,js,7c5386a4,Jahnavi Naik,2025-01-28,15:53:27,-08:00,2025-01-28T15:53:27-08:00,0,29
global.js,120,js,c7725aba,Jahnavi Naik,2025-01-28,15:16:19,-08:00,2025-01-28T15:16:19-08:00,0,1
global.js,121,js,c7725aba,Jahnavi Naik,2025-01-28,15:16:19,-08:00,2025-01-28T15:16:19-08:00,0,37
global.js,122,js,c7725aba,Jahnavi Naik,2025-01-28,15:16:19,-08:00,2025-01-28T15:16:19-08:00,0,2
global.js,123,js,c7725aba,Jahnavi Naik,2025-01-28,15:16:19,-08:00,2025-01-28T15:16:19-08:00,0,0
global.js,124,js,0b45d453,Jahnavi Naik,2025-01-28,18:38:41,-08:00,2025-01-28T18:38:41-08:00,0,0
global.js,125,js,0b45d453,Jahnavi Naik,2025-01-28,18:38:41,-08:00,2025-01-28T18:38:41-08:00,0,48
global.js,126,js,0b45d453,Jahnavi Naik,2025-01-28,18:38:41,-08:00,2025-01-28T18:38:41-08:00,0,60
global.js,127,js,c7725aba,Jahnavi Naik,2025-01-28,15:16:19,-08:00,2025-01-28T15:16:19-08:00,0,0
resume/index.html,1,html,8473dcaa,Jahnavi Naik,2025-01-10,14:37:09,-08:00,2025-01-10T14:37:09-08:00,0,14
resume/index.html,2,html,8473dcaa,Jahnavi Naik,2025-01-10,14:37:09,-08:00,2025-01-10T14:37:09-08:00,0,15
resume/index.html,3,html,8473dcaa,Jahnavi Naik,2025-01-10,14:37:09,-08:00,2025-01-10T14:37:09-08:00,0,5
resume/index.html,4,html,8473dcaa,Jahnavi Naik,2025-01-10,14:37:09,-08:00,2025-01-10T14:37:09-08:00,0,21
resume/index.html,5,html,8473dcaa,Jahnavi Naik,2025-01-10,14:37:09,-08:00,2025-01-10T14:37:09-08:00,0,69
resume/index.html,6,html,8473dcaa,Jahnavi Naik,2025-01-10,14:37:09,-08:00,2025-01-10T14:37:09-08:00,0,20
resume/index.html,7,html,eb009ffa,Jahnavi Naik,2025-01-15,13:20:10,-08:00,2025-01-15T13:20:10-08:00,0,42
resume/index.html,8,html,21b29f8b,Jahnavi Naik,2025-01-10,15:05:31,-08:00,2025-01-10T15:05:31-08:00,0,6
resume/index.html,9,html,21b29f8b,Jahnavi Naik,2025-01-10,15:05:31,-08:00,2025-01-10T15:05:31-08:00,0,7
resume/index.html,10,html,21b29f8b,Jahnavi Naik,2025-01-10,15:05:31,-08:00,2025-01-10T15:05:31-08:00,0,19
resume/index.html,11,html,21b29f8b,Jahnavi Naik,2025-01-10,15:05:31,-08:00,2025-01-10T15:05:31-08:00,0,18
resume/index.html,12,html,21b29f8b,Jahnavi Naik,2025-01-10,15:05:31,-08:00,2025-01-10T15:05:31-08:00,0,0
resume/index.html,13,html,21b29f8b,Jahnavi Naik,2025-01-10,15:05:31,-08:00,2025-01-10T15:05:31-08:00,0,7
resume/index.html,14,html,535ca317,Jahnavi Naik,2025-01-21,12:12:49,-08:00,2025-01-21T12:12:49-08:00,0,49
resume/index.html,15,html,8473dcaa,Jahnavi Naik,2025-01-10,14:37:09,-08:00,2025-01-10T14:37:09-08:00,0,6
resume/index.html,16,html,8473dcaa,Jahnavi Naik,2025-01-10,14:37:09,-08:00,2025-01-10T14:37:09-08:00,0,5
resume/index.html,17,html,eb009ffa,Jahnavi Naik,2025-01-15,13:20:10,-08:00,2025-01-15T13:20:10-08:00,0,14
resume/index.html,18,html,eb009ffa,Jahnavi Naik,2025-01-15,13:20:10,-08:00,2025-01-15T13:20:10-08:00,0,0
resume/index.html,19,html,8473dcaa,Jahnavi Naik,2025-01-10,14:37:09,-08:00,2025-01-10T14:37:09-08:00,0,7
resume/index.html,20,html,81ea9c1a,Jahnavi Naik,2025-01-15,17:30:57,-08:00,2025-01-15T17:30:57-08:00,0,20
resume/index.html,21,html,81ea9c1a,Jahnavi Naik,2025-01-15,17:30:57,-08:00,2025-01-15T17:30:57-08:00,0,199
resume/index.html,22,html,81ea9c1a,Jahnavi Naik,2025-01-15,17:30:57,-08:00,2025-01-15T17:30:57-08:00,0,3
resume/index.html,23,html,8473dcaa,Jahnavi Naik,2025-01-10,14:37:09,-08:00,2025-01-10T14:37:09-08:00,0,8
resume/index.html,24,html,8228b474,Jahnavi Naik,2025-01-10,15:14:38,-08:00,2025-01-10T15:14:38-08:00,0,3
resume/index.html,25,html,8473dcaa,Jahnavi Naik,2025-01-10,14:37:09,-08:00,2025-01-10T14:37:09-08:00,0,23
resume/index.html,26,html,8473dcaa,Jahnavi Naik,2025-01-10,14:37:09,-08:00,2025-01-10T14:37:09-08:00,0,8
resume/index.html,27,html,81ea9c1a,Jahnavi Naik,2025-01-15,17:30:57,-08:00,2025-01-15T17:30:57-08:00,0,28
resume/index.html,28,html,81ea9c1a,Jahnavi Naik,2025-01-15,17:30:57,-08:00,2025-01-15T17:30:57-08:00,0,529
resume/index.html,29,html,8473dcaa,Jahnavi Naik,2025-01-10,14:37:09,-08:00,2025-01-10T14:37:09-08:00,0,9
resume/index.html,30,html,8473dcaa,Jahnavi Naik,2025-01-10,14:37:09,-08:00,2025-01-10T14:37:09-08:00,0,11
resume/index.html,31,html,8228b474,Jahnavi Naik,2025-01-10,15:14:38,-08:00,2025-01-10T15:14:38-08:00,0,3
resume/index.html,32,html,81ea9c1a,Jahnavi Naik,2025-01-15,17:30:57,-08:00,2025-01-15T17:30:57-08:00,0,23
resume/index.html,33,html,8473dcaa,Jahnavi Naik,2025-01-10,14:37:09,-08:00,2025-01-10T14:37:09-08:00,0,8
resume/index.html,34,html,81ea9c1a,Jahnavi Naik,2025-01-15,17:30:57,-08:00,2025-01-15T17:30:57-08:00,0,17
resume/index.html,35,html,8228b474,Jahnavi Naik,2025-01-10,15:14:38,-08:00,2025-01-10T15:14:38-08:00,0,3
resume/index.html,36,html,81ea9c1a,Jahnavi Naik,2025-01-15,17:30:57,-08:00,2025-01-15T17:30:57-08:00,0,146
resume/index.html,37,html,eba00d3b,Jahnavi Naik,2025-01-10,15:22:29,-08:00,2025-01-10T15:22:29-08:00,0,3
resume/index.html,38,html,81ea9c1a,Jahnavi Naik,2025-01-15,17:30:57,-08:00,2025-01-15T17:30:57-08:00,0,33
resume/index.html,39,html,81ea9c1a,Jahnavi Naik,2025-01-15,17:30:57,-08:00,2025-01-15T17:30:57-08:00,0,214
resume/index.html,40,html,81ea9c1a,Jahnavi Naik,2025-01-15,17:30:57,-08:00,2025-01-15T17:30:57-08:00,0,173
resume/index.html,41,html,eba00d3b,Jahnavi Naik,2025-01-10,15:22:29,-08:00,2025-01-10T15:22:29-08:00,0,4
resume/index.html,42,html,8228b474,Jahnavi Naik,2025-01-10,15:14:38,-08:00,2025-01-10T15:14:38-08:00,0,4
resume/index.html,43,html,8473dcaa,Jahnavi Naik,2025-01-10,14:37:09,-08:00,2025-01-10T14:37:09-08:00,0,9
resume/index.html,44,html,81ea9c1a,Jahnavi Naik,2025-01-15,17:30:57,-08:00,2025-01-15T17:30:57-08:00,0,9
resume/index.html,45,html,8228b474,Jahnavi Naik,2025-01-10,15:14:38,-08:00,2025-01-10T15:14:38-08:00,0,3
resume/index.html,46,html,8473dcaa,Jahnavi Naik,2025-01-10,14:37:09,-08:00,2025-01-10T14:37:09-08:00,0,24
resume/index.html,47,html,8473dcaa,Jahnavi Naik,2025-01-10,14:37:09,-08:00,2025-01-10T14:37:09-08:00,0,8
resume/index.html,48,html,81ea9c1a,Jahnavi Naik,2025-01-15,17:30:57,-08:00,2025-01-15T17:30:57-08:00,0,16
resume/index.html,49,html,8473dcaa,Jahnavi Naik,2025-01-10,14:37:09,-08:00,2025-01-10T14:37:09-08:00,0,3
resume/index.html,50,html,7bc04660,Jahnavi Naik,2025-01-15,18:15:58,-08:00,2025-01-15T18:15:58-08:00,0,95
resume/index.html,51,html,8473dcaa,Jahnavi Naik,2025-01-10,14:37:09,-08:00,2025-01-10T14:37:09-08:00,0,3
resume/index.html,52,html,8473dcaa,Jahnavi Naik,2025-01-10,14:37:09,-08:00,2025-01-10T14:37:09-08:00,0,185
resume/index.html,53,html,8473dcaa,Jahnavi Naik,2025-01-10,14:37:09,-08:00,2025-01-10T14:37:09-08:00,0,73
resume/index.html,54,html,8473dcaa,Jahnavi Naik,2025-01-10,14:37:09,-08:00,2025-01-10T14:37:09-08:00,0,101
resume/index.html,55,html,8473dcaa,Jahnavi Naik,2025-01-10,14:37:09,-08:00,2025-01-10T14:37:09-08:00,0,97
resume/index.html,56,html,8473dcaa,Jahnavi Naik,2025-01-10,14:37:09,-08:00,2025-01-10T14:37:09-08:00,0,4
resume/index.html,57,html,8473dcaa,Jahnavi Naik,2025-01-10,14:37:09,-08:00,2025-01-10T14:37:09-08:00,0,4
resume/index.html,58,html,8473dcaa,Jahnavi Naik,2025-01-10,14:37:09,-08:00,2025-01-10T14:37:09-08:00,0,9
resume/index.html,59,html,8473dcaa,Jahnavi Naik,2025-01-10,14:37:09,-08:00,2025-01-10T14:37:09-08:00,0,11
resume/index.html,60,html,8228b474,Jahnavi Naik,2025-01-10,15:14:38,-08:00,2025-01-10T15:14:38-08:00,0,3
resume/index.html,61,html,8473dcaa,Jahnavi Naik,2025-01-10,14:37:09,-08:00,2025-01-10T14:37:09-08:00,0,26
resume/index.html,62,html,8473dcaa,Jahnavi Naik,2025-01-10,14:37:09,-08:00,2025-01-10T14:37:09-08:00,0,8
resume/index.html,63,html,81ea9c1a,Jahnavi Naik,2025-01-15,17:30:57,-08:00,2025-01-15T17:30:57-08:00,0,18
resume/index.html,64,html,8473dcaa,Jahnavi Naik,2025-01-10,14:37:09,-08:00,2025-01-10T14:37:09-08:00,0,3
resume/index.html,65,html,7bc04660,Jahnavi Naik,2025-01-15,18:15:58,-08:00,2025-01-15T18:15:58-08:00,0,103
resume/index.html,66,html,8473dcaa,Jahnavi Naik,2025-01-10,14:37:09,-08:00,2025-01-10T14:37:09-08:00,0,3
resume/index.html,67,html,8473dcaa,Jahnavi Naik,2025-01-10,14:37:09,-08:00,2025-01-10T14:37:09-08:00,0,130
resume/index.html,68,html,8473dcaa,Jahnavi Naik,2025-01-10,14:37:09,-08:00,2025-01-10T14:37:09-08:00,0,116
resume/index.html,69,html,8473dcaa,Jahnavi Naik,2025-01-10,14:37:09,-08:00,2025-01-10T14:37:09-08:00,0,139
resume/index.html,70,html,8473dcaa,Jahnavi Naik,2025-01-10,14:37:09,-08:00,2025-01-10T14:37:09-08:00,0,4
resume/index.html,71,html,8473dcaa,Jahnavi Naik,2025-01-10,14:37:09,-08:00,2025-01-10T14:37:09-08:00,0,4
resume/index.html,72,html,8473dcaa,Jahnavi Naik,2025-01-10,14:37:09,-08:00,2025-01-10T14:37:09-08:00,0,9
resume/index.html,73,html,8473dcaa,Jahnavi Naik,2025-01-10,14:37:09,-08:00,2025-01-10T14:37:09-08:00,0,11
resume/index.html,74,html,8228b474,Jahnavi Naik,2025-01-10,15:14:38,-08:00,2025-01-10T15:14:38-08:00,0,3
resume/index.html,75,html,8473dcaa,Jahnavi Naik,2025-01-10,14:37:09,-08:00,2025-01-10T14:37:09-08:00,0,22
resume/index.html,76,html,8473dcaa,Jahnavi Naik,2025-01-10,14:37:09,-08:00,2025-01-10T14:37:09-08:00,0,8
resume/index.html,77,html,81ea9c1a,Jahnavi Naik,2025-01-15,17:30:57,-08:00,2025-01-15T17:30:57-08:00,0,33
resume/index.html,78,html,8473dcaa,Jahnavi Naik,2025-01-10,14:37:09,-08:00,2025-01-10T14:37:09-08:00,0,3
resume/index.html,79,html,7bc04660,Jahnavi Naik,2025-01-15,18:15:58,-08:00,2025-01-15T18:15:58-08:00,0,152
resume/index.html,80,html,7bc04660,Jahnavi Naik,2025-01-15,18:15:58,-08:00,2025-01-15T18:15:58-08:00,0,109
resume/index.html,81,html,81ea9c1a,Jahnavi Naik,2025-01-15,17:30:57,-08:00,2025-01-15T17:30:57-08:00,0,43
resume/index.html,82,html,81ea9c1a,Jahnavi Naik,2025-01-15,17:30:57,-08:00,2025-01-15T17:30:57-08:00,0,43
resume/index.html,83,html,8473dcaa,Jahnavi Naik,2025-01-10,14:37:09,-08:00,2025-01-10T14:37:09-08:00,0,4
resume/index.html,84,html,8473dcaa,Jahnavi Naik,2025-01-10,14:37:09,-08:00,2025-01-10T14:37:09-08:00,0,9
resume/index.html,85,html,8473dcaa,Jahnavi Naik,2025-01-10,14:37:09,-08:00,2025-01-10T14:37:09-08:00,0,11
resume/index.html,86,html,8473dcaa,Jahnavi Naik,2025-01-10,14:37:09,-08:00,2025-01-10T14:37:09-08:00,0,0
resume/index.html,87,html,8473dcaa,Jahnavi Naik,2025-01-10,14:37:09,-08:00,2025-01-10T14:37:09-08:00,0,6
resume/index.html,88,html,8473dcaa,Jahnavi Naik,2025-01-10,14:37:09,-08:00,2025-01-10T14:37:09-08:00,0,6
projects/projects.js,1,js,48d70692,Jahnavi Naik,2025-01-30,09:47:46,-08:00,2025-01-30T09:47:46-08:00,0,55
projects/projects.js,2,js,b05eab3b,Jahnavi Naik,2025-01-28,15:32:18,-08:00,2025-01-28T15:32:18-08:00,0,56
projects/projects.js,3,js,9013224b,Jahnavi Naik,2025-01-28,11:45:40,-08:00,2025-01-28T11:45:40-08:00,0,61
projects/projects.js,4,js,9013224b,Jahnavi Naik,2025-01-28,11:45:40,-08:00,2025-01-28T11:45:40-08:00,0,49
projects/projects.js,5,js,624c3846,Jahnavi Naik,2025-02-03,22:42:42,-08:00,2025-02-03T22:42:42-08:00,0,0
projects/projects.js,6,js,624c3846,Jahnavi Naik,2025-02-03,22:42:42,-08:00,2025-02-03T22:42:42-08:00,0,64
projects/projects.js,7,js,624c3846,Jahnavi Naik,2025-02-03,22:42:42,-08:00,2025-02-03T22:42:42-08:00,0,0
projects/projects.js,8,js,7fbcd1f3,Jahnavi Naik,2025-02-03,23:51:00,-08:00,2025-02-03T23:51:00-08:00,0,39
projects/projects.js,9,js,7fbcd1f3,Jahnavi Naik,2025-02-03,23:51:00,-08:00,2025-02-03T23:51:00-08:00,0,30
projects/projects.js,10,js,7fbcd1f3,Jahnavi Naik,2025-02-03,23:51:00,-08:00,2025-02-03T23:51:00-08:00,0,13
projects/projects.js,11,js,7fbcd1f3,Jahnavi Naik,2025-02-03,23:51:00,-08:00,2025-02-03T23:51:00-08:00,0,15
projects/projects.js,12,js,7fbcd1f3,Jahnavi Naik,2025-02-03,23:51:00,-08:00,2025-02-03T23:51:00-08:00,0,12
projects/projects.js,13,js,7fbcd1f3,Jahnavi Naik,2025-02-03,23:51:00,-08:00,2025-02-03T23:51:00-08:00,0,1
projects/projects.js,14,js,7fbcd1f3,Jahnavi Naik,2025-02-03,23:51:00,-08:00,2025-02-03T23:51:00-08:00,0,0
projects/projects.js,15,js,7fbcd1f3,Jahnavi Naik,2025-02-03,23:51:00,-08:00,2025-02-03T23:51:00-08:00,0,51
projects/projects.js,16,js,7fbcd1f3,Jahnavi Naik,2025-02-03,23:51:00,-08:00,2025-02-03T23:51:00-08:00,0,36
projects/projects.js,17,js,7fbcd1f3,Jahnavi Naik,2025-02-03,23:51:00,-08:00,2025-02-03T23:51:00-08:00,0,2
projects/projects.js,18,js,7fbcd1f3,Jahnavi Naik,2025-02-03,23:51:00,-08:00,2025-02-03T23:51:00-08:00,0,0
projects/projects.js,19,js,7fbcd1f3,Jahnavi Naik,2025-02-03,23:51:00,-08:00,2025-02-03T23:51:00-08:00,0,54
projects/projects.js,20,js,7fbcd1f3,Jahnavi Naik,2025-02-03,23:51:00,-08:00,2025-02-03T23:51:00-08:00,0,43
projects/projects.js,21,js,7fbcd1f3,Jahnavi Naik,2025-02-03,23:51:00,-08:00,2025-02-03T23:51:00-08:00,0,58
projects/projects.js,22,js,7fbcd1f3,Jahnavi Naik,2025-02-03,23:51:00,-08:00,2025-02-03T23:51:00-08:00,0,52
projects/projects.js,23,js,133fec21,Jahnavi Naik,2025-02-06,16:47:45,-08:00,2025-02-06T16:47:45-08:00,0,0
projects/projects.js,24,js,133fec21,Jahnavi Naik,2025-02-06,16:47:45,-08:00,2025-02-06T16:47:45-08:00,0,22
projects/projects.js,25,js,7fbcd1f3,Jahnavi Naik,2025-02-03,23:51:00,-08:00,2025-02-03T23:51:00-08:00,0,26
projects/projects.js,26,js,7fbcd1f3,Jahnavi Naik,2025-02-03,23:51:00,-08:00,2025-02-03T23:51:00-08:00,0,30
projects/projects.js,27,js,7fbcd1f3,Jahnavi Naik,2025-02-03,23:51:00,-08:00,2025-02-03T23:51:00-08:00,0,0
projects/projects.js,28,js,7fbcd1f3,Jahnavi Naik,2025-02-03,23:51:00,-08:00,2025-02-03T23:51:00-08:00,0,33
projects/projects.js,29,js,7fbcd1f3,Jahnavi Naik,2025-02-03,23:51:00,-08:00,2025-02-03T23:51:00-08:00,0,31
projects/projects.js,30,js,7fbcd1f3,Jahnavi Naik,2025-02-03,23:51:00,-08:00,2025-02-03T23:51:00-08:00,0,0
projects/projects.js,31,js,7fbcd1f3,Jahnavi Naik,2025-02-03,23:51:00,-08:00,2025-02-03T23:51:00-08:00,0,48
projects/projects.js,32,js,7fbcd1f3,Jahnavi Naik,2025-02-03,23:51:00,-08:00,2025-02-03T23:51:00-08:00,0,0
projects/projects.js,33,js,7fbcd1f3,Jahnavi Naik,2025-02-03,23:51:00,-08:00,2025-02-03T23:51:00-08:00,0,30
projects/projects.js,34,js,7fbcd1f3,Jahnavi Naik,2025-02-03,23:51:00,-08:00,2025-02-03T23:51:00-08:00,0,17
projects/projects.js,35,js,7fbcd1f3,Jahnavi Naik,2025-02-03,23:51:00,-08:00,2025-02-03T23:51:00-08:00,0,14
projects/projects.js,36,js,133fec21,Jahnavi Naik,2025-02-06,16:47:45,-08:00,2025-02-06T16:47:45-08:00,0,25
projects/projects.js,37,js,133fec21,Jahnavi Naik,2025-02-06,16:47:45,-08:00,2025-02-06T16:47:45-08:00,0,19
projects/projects.js,38,js,133fec21,Jahnavi Naik,2025-02-06,16:47:45,-08:00,2025-02-06T16:47:45-08:00,0,48
projects/projects.js,39,js,133fec21,Jahnavi Naik,2025-02-06,16:47:45,-08:00,2025-02-06T16:47:45-08:00,0,0
projects/projects.js,40,js,133fec21,Jahnavi Naik,2025-02-06,16:47:45,-08:00,2025-02-06T16:47:45-08:00,0,26
projects/projects.js,41,js,133fec21,Jahnavi Naik,2025-02-06,16:47:45,-08:00,2025-02-06T16:47:45-08:00,0,49
projects/projects.js,42,js,133fec21,Jahnavi Naik,2025-02-06,16:47:45,-08:00,2025-02-06T16:47:45-08:00,0,7
projects/projects.js,43,js,133fec21,Jahnavi Naik,2025-02-06,16:47:45,-08:00,2025-02-06T16:47:45-08:00,0,47
projects/projects.js,44,js,133fec21,Jahnavi Naik,2025-02-06,16:47:45,-08:00,2025-02-06T16:47:45-08:00,0,38
projects/projects.js,45,js,133fec21,Jahnavi Naik,2025-02-06,16:47:45,-08:00,2025-02-06T16:47:45-08:00,0,41
projects/projects.js,46,js,133fec21,Jahnavi Naik,2025-02-06,16:47:45,-08:00,2025-02-06T16:47:45-08:00,0,1
projects/projects.js,47,js,133fec21,Jahnavi Naik,2025-02-06,16:47:45,-08:00,2025-02-06T16:47:45-08:00,0,57
projects/projects.js,48,js,133fec21,Jahnavi Naik,2025-02-06,16:47:45,-08:00,2025-02-06T16:47:45-08:00,0,0
projects/projects.js,49,js,133fec21,Jahnavi Naik,2025-02-06,16:47:45,-08:00,2025-02-06T16:47:45-08:00,0,0
projects/projects.js,50,js,133fec21,Jahnavi Naik,2025-02-06,16:47:45,-08:00,2025-02-06T16:47:45-08:00,0,2
projects/projects.js,51,js,133fec21,Jahnavi Naik,2025-02-06,16:47:45,-08:00,2025-02-06T16:47:45-08:00,0,17
projects/projects.js,52,js,133fec21,Jahnavi Naik,2025-02-06,16:47:45,-08:00,2025-02-06T16:47:45-08:00,0,27
projects/projects.js,53,js,133fec21,Jahnavi Naik,2025-02-06,16:47:45,-08:00,2025-02-06T16:47:45-08:00,0,38
projects/projects.js,54,js,133fec21,Jahnavi Naik,2025-02-06,16:47:45,-08:00,2025-02-06T16:47:45-08:00,0,2
projects/projects.js,55,js,133fec21,Jahnavi Naik,2025-02-06,16:47:45,-08:00,2025-02-06T16:47:45-08:00,0,5
projects/projects.js,56,js,133fec21,Jahnavi Naik,2025-02-06,16:47:45,-08:00,2025-02-06T16:47:45-08:00,0,15
projects/projects.js,57,js,133fec21,Jahnavi Naik,2025-02-06,16:47:45,-08:00,2025-02-06T16:47:45-08:00,0,27
projects/projects.js,58,js,133fec21,Jahnavi Naik,2025-02-06,16:47:45,-08:00,2025-02-06T16:47:45-08:00,0,38
projects/projects.js,59,js,133fec21,Jahnavi Naik,2025-02-06,16:47:45,-08:00,2025-02-06T16:47:45-08:00,0,2
projects/projects.js,60,js,133fec21,Jahnavi Naik,2025-02-06,16:47:45,-08:00,2025-02-06T16:47:45-08:00,0,2
projects/projects.js,61,js,7fbcd1f3,Jahnavi Naik,2025-02-03,23:51:00,-08:00,2025-02-03T23:51:00-08:00,0,2
projects/projects.js,62,js,7fbcd1f3,Jahnavi Naik,2025-02-03,23:51:00,-08:00,2025-02-03T23:51:00-08:00,0,0
projects/projects.js,63,js,7fbcd1f3,Jahnavi Naik,2025-02-03,23:51:00,-08:00,2025-02-03T23:51:00-08:00,0,28
projects/projects.js,64,js,7fbcd1f3,Jahnavi Naik,2025-02-03,23:51:00,-08:00,2025-02-03T23:51:00-08:00,0,18
projects/projects.js,65,js,7fbcd1f3,Jahnavi Naik,2025-02-03,23:51:00,-08:00,2025-02-03T23:51:00-08:00,0,39
projects/projects.js,66,js,7fbcd1f3,Jahnavi Naik,2025-02-03,23:51:00,-08:00,2025-02-03T23:51:00-08:00,0,70
projects/projects.js,67,js,7fbcd1f3,Jahnavi Naik,2025-02-03,23:51:00,-08:00,2025-02-03T23:51:00-08:00,0,2
projects/projects.js,68,js,7fbcd1f3,Jahnavi Naik,2025-02-03,23:51:00,-08:00,2025-02-03T23:51:00-08:00,0,0
projects/projects.js,69,js,624c3846,Jahnavi Naik,2025-02-03,22:42:42,-08:00,2025-02-03T22:42:42-08:00,0,0
projects/projects.js,70,js,7fbcd1f3,Jahnavi Naik,2025-02-03,23:51:00,-08:00,2025-02-03T23:51:00-08:00,0,24
projects/projects.js,71,js,7fbcd1f3,Jahnavi Naik,2025-02-03,23:51:00,-08:00,2025-02-03T23:51:00-08:00,0,0
projects/projects.js,72,js,7fbcd1f3,Jahnavi Naik,2025-02-03,23:51:00,-08:00,2025-02-03T23:51:00-08:00,0,54
projects/projects.js,73,js,7fbcd1f3,Jahnavi Naik,2025-02-03,23:51:00,-08:00,2025-02-03T23:51:00-08:00,0,0
projects/projects.js,74,js,7fbcd1f3,Jahnavi Naik,2025-02-03,23:51:00,-08:00,2025-02-03T23:51:00-08:00,0,49
projects/projects.js,75,js,7fbcd1f3,Jahnavi Naik,2025-02-03,23:51:00,-08:00,2025-02-03T23:51:00-08:00,0,30
projects/projects.js,76,js,7fbcd1f3,Jahnavi Naik,2025-02-03,23:51:00,-08:00,2025-02-03T23:51:00-08:00,0,82
projects/projects.js,77,js,7fbcd1f3,Jahnavi Naik,2025-02-03,23:51:00,-08:00,2025-02-03T23:51:00-08:00,0,57
projects/projects.js,78,js,7fbcd1f3,Jahnavi Naik,2025-02-03,23:51:00,-08:00,2025-02-03T23:51:00-08:00,0,32
projects/projects.js,79,js,133fec21,Jahnavi Naik,2025-02-06,16:47:45,-08:00,2025-02-06T16:47:45-08:00,0,2
projects/index.html,1,html,a7189702,Jahnavi Naik,2025-01-10,11:27:46,-08:00,2025-01-10T11:27:46-08:00,0,14
projects/index.html,2,html,a7189702,Jahnavi Naik,2025-01-10,11:27:46,-08:00,2025-01-10T11:27:46-08:00,0,15
projects/index.html,3,html,a7189702,Jahnavi Naik,2025-01-10,11:27:46,-08:00,2025-01-10T11:27:46-08:00,0,5
projects/index.html,4,html,a7189702,Jahnavi Naik,2025-01-10,11:27:46,-08:00,2025-01-10T11:27:46-08:00,0,21
projects/index.html,5,html,a7189702,Jahnavi Naik,2025-01-10,11:27:46,-08:00,2025-01-10T11:27:46-08:00,0,69
projects/index.html,6,html,a7189702,Jahnavi Naik,2025-01-10,11:27:46,-08:00,2025-01-10T11:27:46-08:00,0,22
projects/index.html,7,html,eb009ffa,Jahnavi Naik,2025-01-15,13:20:10,-08:00,2025-01-15T13:20:10-08:00,0,42
projects/index.html,8,html,535ca317,Jahnavi Naik,2025-01-21,12:12:49,-08:00,2025-01-21T12:12:49-08:00,0,49
projects/index.html,9,html,9013224b,Jahnavi Naik,2025-01-28,11:45:40,-08:00,2025-01-28T11:45:40-08:00,0,48
projects/index.html,10,html,a7189702,Jahnavi Naik,2025-01-10,11:27:46,-08:00,2025-01-10T11:27:46-08:00,0,6
projects/index.html,11,html,a7189702,Jahnavi Naik,2025-01-10,11:27:46,-08:00,2025-01-10T11:27:46-08:00,0,5
projects/index.html,12,html,9013224b,Jahnavi Naik,2025-01-28,11:45:40,-08:00,2025-01-28T11:45:40-08:00,0,39
projects/index.html,13,html,624c3846,Jahnavi Naik,2025-02-03,22:42:42,-08:00,2025-02-03T22:42:42-08:00,0,22
projects/index.html,14,html,624c3846,Jahnavi Naik,2025-02-03,22:42:42,-08:00,2025-02-03T22:42:42-08:00,0,61
projects/index.html,15,html,624c3846,Jahnavi Naik,2025-02-03,22:42:42,-08:00,2025-02-03T22:42:42-08:00,0,23
projects/index.html,16,html,624c3846,Jahnavi Naik,2025-02-03,22:42:42,-08:00,2025-02-03T22:42:42-08:00,0,5
projects/index.html,17,html,7fbcd1f3,Jahnavi Naik,2025-02-03,23:51:00,-08:00,2025-02-03T23:51:00-08:00,0,5
projects/index.html,18,html,7fbcd1f3,Jahnavi Naik,2025-02-03,23:51:00,-08:00,2025-02-03T23:51:00-08:00,0,16
projects/index.html,19,html,7fbcd1f3,Jahnavi Naik,2025-02-03,23:51:00,-08:00,2025-02-03T23:51:00-08:00,0,12
projects/index.html,20,html,7fbcd1f3,Jahnavi Naik,2025-02-03,23:51:00,-08:00,2025-02-03T23:51:00-08:00,0,27
projects/index.html,21,html,7fbcd1f3,Jahnavi Naik,2025-02-03,23:51:00,-08:00,2025-02-03T23:51:00-08:00,0,32
projects/index.html,22,html,7fbcd1f3,Jahnavi Naik,2025-02-03,23:51:00,-08:00,2025-02-03T23:51:00-08:00,0,1
projects/index.html,23,html,7fbcd1f3,Jahnavi Naik,2025-02-03,23:51:00,-08:00,2025-02-03T23:51:00-08:00,0,0
projects/index.html,24,html,bb13072a,Jahnavi Naik,2025-01-28,16:25:13,-08:00,2025-01-28T16:25:13-08:00,0,27
projects/index.html,25,html,eb009ffa,Jahnavi Naik,2025-01-15,13:20:10,-08:00,2025-01-15T13:20:10-08:00,0,5
projects/index.html,26,html,a7189702,Jahnavi Naik,2025-01-10,11:27:46,-08:00,2025-01-10T11:27:46-08:00,0,6
projects/index.html,27,html,a7189702,Jahnavi Naik,2025-01-10,11:27:46,-08:00,2025-01-10T11:27:46-08:00,0,6
contact/index.html,1,html,a7189702,Jahnavi Naik,2025-01-10,11:27:46,-08:00,2025-01-10T11:27:46-08:00,0,14
contact/index.html,2,html,a7189702,Jahnavi Naik,2025-01-10,11:27:46,-08:00,2025-01-10T11:27:46-08:00,0,15
contact/index.html,3,html,a7189702,Jahnavi Naik,2025-01-10,11:27:46,-08:00,2025-01-10T11:27:46-08:00,0,5
contact/index.html,4,html,a7189702,Jahnavi Naik,2025-01-10,11:27:46,-08:00,2025-01-10T11:27:46-08:00,0,21
contact/index.html,5,html,a7189702,Jahnavi Naik,2025-01-10,11:27:46,-08:00,2025-01-10T11:27:46-08:00,0,69
contact/index.html,6,html,a7189702,Jahnavi Naik,2025-01-10,11:27:46,-08:00,2025-01-10T11:27:46-08:00,0,21
contact/index.html,7,html,eb009ffa,Jahnavi Naik,2025-01-15,13:20:10,-08:00,2025-01-15T13:20:10-08:00,0,42
contact/index.html,8,html,535ca317,Jahnavi Naik,2025-01-21,12:12:49,-08:00,2025-01-21T12:12:49-08:00,0,49
contact/index.html,9,html,a7189702,Jahnavi Naik,2025-01-10,11:27:46,-08:00,2025-01-10T11:27:46-08:00,0,6
contact/index.html,10,html,a7189702,Jahnavi Naik,2025-01-10,11:27:46,-08:00,2025-01-10T11:27:46-08:00,0,5
contact/index.html,11,html,eb009ffa,Jahnavi Naik,2025-01-15,13:20:10,-08:00,2025-01-15T13:20:10-08:00,0,15
contact/index.html,12,html,fd091878,Jahnavi Naik,2025-01-23,17:17:26,-08:00,2025-01-23T17:17:26-08:00,0,50
contact/index.html,13,html,b1ffc48e,Jahnavi Naik,2025-01-10,14:11:14,-08:00,2025-01-10T14:11:14-08:00,0,6
contact/index.html,14,html,b1ffc48e,Jahnavi Naik,2025-01-10,14:11:14,-08:00,2025-01-10T14:11:14-08:00,0,7
contact/index.html,15,html,b1ffc48e,Jahnavi Naik,2025-01-10,14:11:14,-08:00,2025-01-10T14:11:14-08:00,0,21
contact/index.html,16,html,b1ffc48e,Jahnavi Naik,2025-01-10,14:11:14,-08:00,2025-01-10T14:11:14-08:00,0,7
contact/index.html,17,html,b1ffc48e,Jahnavi Naik,2025-01-10,14:11:14,-08:00,2025-01-10T14:11:14-08:00,0,6
contact/index.html,18,html,b1ffc48e,Jahnavi Naik,2025-01-10,14:11:14,-08:00,2025-01-10T14:11:14-08:00,0,4
contact/index.html,19,html,b1ffc48e,Jahnavi Naik,2025-01-10,14:11:14,-08:00,2025-01-10T14:11:14-08:00,0,32
contact/index.html,20,html,b1ffc48e,Jahnavi Naik,2025-01-10,14:11:14,-08:00,2025-01-10T14:11:14-08:00,0,7
contact/index.html,21,html,b1ffc48e,Jahnavi Naik,2025-01-10,14:11:14,-08:00,2025-01-10T14:11:14-08:00,0,28
contact/index.html,22,html,b1ffc48e,Jahnavi Naik,2025-01-10,14:11:14,-08:00,2025-01-10T14:11:14-08:00,0,6
contact/index.html,23,html,a7189702,Jahnavi Naik,2025-01-10,11:27:46,-08:00,2025-01-10T11:27:46-08:00,0,6
contact/index.html,24,html,a7189702,Jahnavi Naik,2025-01-10,11:27:46,-08:00,2025-01-10T11:27:46-08:00,0,6
